{
    "Cameras": {
        "Cam1" : {
            "id" : "/dev/v4l/by-id/usb-Arducam_Technology_Co.__Ltd._Camera_1_UC762-video-index0",
            "matrix" : {
                "fx" : 904.76257002,
                "fy" : 904.79100919,
                "cx" : 625.07796654,
                "cy" : 431.77360127
            }, "distCoeffs": {
                "k1" : 4.37109898e-02,
                "k2" : -4.97199713e-02,
                "p1" : -4.48862787e-05,
                "p2" : 4.85083482e-04,
                "k3" : -1.47431951e-02
            },
            "frameWidth": 1280,
            "frameHeight": 800,
            "fps": 100
        },
        "Cam2" : {
            "id" : "/dev/v4l/by-id/usb-Arducam_Technology_Co.__Ltd._Camera_2_UC762-video-index0",
            "matrix" : {
                "fx" : 909.15707767,
                "fy" : 909.66609615,
                "cx" : 779.76926423,
                "cy" : 645.13614602
            }, "distCoeffs": {
                "k1" : 0.05195,
                "k2" : -0.08756926,
                "p1" : -0.00030439,
                "p2" : 0.00018459,
                "k3" : 0.02600866
            }
        },
        "frameWidth": 1600,
        "frameHeight": 1200,
        "fps": 50
    },
        "Cam3" : {
            "id" : "/dev/v4l/by-id/usb-Arducam_Technology_Co.__Ltd._Camera_2_UC762-video-index0",
            "matrix" : {
                "fx" : 909.64987198,
                "fy" : 910.44500384,
                "cx" : 619.65942251,
                "cy" : 405.78053769
            }, "distCoeffs": {
                "k1" : 0.01235877,
                "k2" : 0.06225526,
                "p1" : -0.00046016,
                "p2" : 0.00034447,
                "k3" : -0.1365866
            }
        },
        "frameWidth": 1280,
        "frameHeight": 800,
        "fps": 100
    }
}
