{
    "Cameras": {
        "Cam1" : {
            "id" : "/dev/v4l/by-id/usb-Arducam_Technology_Co.__Ltd._Camera_1_UC762-video-index0",
            "matrix" : {
                "fx" : 907.15163333,
                "fy" : 905.92398793,
                "cx" : 621.82508607,
                "cy" : 402.86714907
            }, "distCoeffs": {
                "k1" : 4.03837477e-02,
                "k2" : -2.56030388e-02,
                "p1" : 6.23691657e-05,
                "p2" : 1.92386074e-04,
                "k3" : -8.43991781e-02
            }
        }
    },
    "frameWidth": 1280,
    "frameHeight": 800
}
