{ 
    "Cam1" : {
        "id" : "/dev/v4l/by-id/usb-Arducam_Technology_Co.__Ltd._Camera_1_UC762-video-index0",
        "matrix" : {
            "fx" : 909.17864378,
            "fy" : 909.95689375,
            "cx" : 629.85405157,
            "cy" : 356.80051553
        }, "distCoeffs": {
            "k1" : 4.04362444e-02,
            "k2" : 1.64895413e-01,
            "p1" : 7.87939254e-04,
            "p2" : -5.97593660e-04,
            "k3" : -9.45837883e-01
        }
    }, "Cam2" : {
        "id" : "/dev/v4l/by-id/usb-Arducam_Technology_Co.__Ltd._Camera_2_UC762-video-index0",
        "matrix" : {
            "fx" : 910.21357025,
            "fy" : 911.16769531,
            "cx" : 627.8898255,
            "cy" : 367.72181875
        }, "distCoeffs": {
            "k1" : 4.65488189e-02,
            "k2" : -3.94998718e-02,
            "p1" : -7.60332391e-05,
            "p2" : 1.18511053e-03,
            "k3" : -3.53936238e-02
        }
    }, "Cam3" : {
        "id" : "/dev/v4l/by-id/usb-Arducam_Technology_Co.__Ltd._Camera_3_UC762-video-index0",
        "matrix" : {
            "fx" : 900.61082772,
            "fy" : 901.81847991,
            "cx" : 615.9740973,
            "cy" : 373.42935847
        }, "distCoeffs": {
            "k1" : 0.04872622,
            "k2" : -0.03026554,
            "p1" : -0.00058844,
            "p2" : -0.00027169,
            "k3" : -0.08456899
        }
    },
    "frameWidth": 1280,
    "frameHeight": 720
}