{
    "Cameras": {
        "Cam1" : {
            "id" : "/dev/v4l/by-id/usb-Arducam_Technology_Co.__Ltd._Camera_1_UC762-video-index0",
            "matrix" : {
                "fx" : 898.73581604,
                "fy" : 902.38594134,
                "cx" : 602.40605134,
                "cy" : 399.17309626
            }, "distCoeffs": {
                "k1" : 0.04172733,
                "k2" : 0.01287124,
                "p1" : -0.00252369,
                "p2" : -0.005371,
                "k3" : -0.15836695
            },
            "frameWidth": 1280,
            "frameHeight": 800,
            "fps": 100
        },
        "Cam2" : {
            "id" : "/dev/v4l/by-id/usb-Arducam_Technology_Co.__Ltd._Camera_2_UC762-video-index0",
            "matrix" : {
                "fx" : 897.37829648,
                "fy" : 895.83803436,
                "cx" : 629.60775841,
                "cy" : 377.43421538
            }, "distCoeffs": {
                "k1" : 0.04215806,
                "k2" : -0.09306796,
                "p1" : -0.00654495,
                "p2" : -0.00061486,
                "k3" : -0.06398291
            }
        },
        "frameWidth": 1280,
        "frameHeight": 800,
        "fps": 100
    }
}
