{ 
    "Cam1" : {
        "id" : "/dev/v4l/by-id/usb-Arducam_Technology_Co.__Ltd._Camera_1_UC762-video-index0",
        "matrix" : {
            "fx" : 897.07965985,
            "fy" : 896.93488455,
            "cx" : 639.57705687,
            "cy" : 433.12161494
        }, "distCoeffs": {
            "k1" : -0.02576983,
            "k2" : 0.20434786,
            "p1" : 0.0127288,
            "p2" : 0.00289957,
            "k3" : -0.16338171
        }
    }, "Cam2" : {
        "id" : "/dev/v4l/by-id/usb-Arducam_Technology_Co.__Ltd._Camera_2_UC762-video-index0",
        "matrix" : {
            "fx" : 917.60860676,
            "fy" : 926.39368148,
            "cx" : 648.79838137,
            "cy" : 352.98339773
        }, "distCoeffs": {
            "k1" : 0.05890885,
            "k2" : -0.04696013,
            "p1" : -0.02620893,
            "p2" : 0.00820529,
            "k3" : -0.00951703
        }
    }, "Cam3" : {
        "id" : "/dev/v4l/by-id/usb-Arducam_Technology_Co.__Ltd._Camera_3_UC762-video-index0",
        "matrix" : {
            "fx" : 899.51360882,
            "fy" : 900.35265992,
            "cx" : 610.43727928,
            "cy" : 414.82293308
        }, "distCoeffs": {
            "k1" : 0.04838327,
            "k2" : -0.07487993,
            "p1" : -0.00039828,
            "p2" : 0.00272353,
            "k3" : 0.01492222
        }
    }, "Cam4" : {
        "id" : "/dev/v4l/by-id/usb-Arducam_Technology_Co.__Ltd._Camera_4_UC762-video-index0",
        "matrix" : {
            "fx" : 930.01456233,
            "fy" : 932.29439862,
            "cx" : 609.55545155,
            "cy" : 373.11576884
        }, "distCoeffs": {
            "k1" : 0.0703127,
            "k2" : -0.03708623,
            "p1" : -0.02121496,
            "p2" : -0.00217352,
            "k3" : -0.05131017
        }
    }
}