{ 
    "Cam1" : {
        "matrix" : {
            "fx" : 889.80244844,
            "fy" : 890.61750633,
            "cx" : 616.82276662,
            "cy" : 363.98634122
        }, "distCoeffs": {
            "k1" : 0.02286606,
            "k2" : 0.03715469,
            "p1" : 0.00137036,
            "p2" : -0.00655141,
            "k3" : -0.27677269
        }
    }, "Cam2" : {
        "matrix" : {
            "fx" : 1,
            "fy" : 1,
            "cx" : 1,
            "cy" : 1
        }, "distcoeffs": {
            "1" : 1,
            "2" : 1,
            "3" : 1,
            "4" : 1,
            "5" : 1
        }
    }, "Cam3" : {
        "matrix" : {
            "fx" : 1,
            "fy" : 1,
            "cx" : 1,
            "cy" : 1
        }, "distcoeffs": {
            "1" : 1,
            "2" : 1,
            "3" : 1,
            "4" : 1,
            "5" : 1
        }
    }, "Cam4" : {
        "matrix" : {
            "fx" : 1,
            "fy" : 1,
            "cx" : 1,
            "cy" : 1
        }, "distcoeffs": {
            "1" : 1,
            "2" : 1,
            "3" : 1,
            "4" : 1,
            "5" : 1
        }
    }
}